{
	"manifest_version": 3,
	"name": "HubSpot-Developer-Extension",
	"version": "2.0.0",
	"default_locale": "en",
	"description": "HubSpot-Developer-Extension",
	"icons": {
		"16": "icon-16.png",
		"19": "icon-19.png",
		"38": "icon-38.png",
		"48": "icon-48.png",
		"128": "icon-128.png"
	},
	"content_security_policy": {
		"extension_pages": "script-src 'self'; object-src 'self';",
		"sandbox": "sandbox allow-scripts allow-forms allow-popups allow-modals; script-src 'self' 'unsafe-inline' 'unsafe-eval'; child-src 'self';"
	},
	"options_page": "options.html",
	"permissions": ["storage", "tabs"],
	"background": {
		"service_worker": "background.js"
	},
	"action": {
		"default_popup": "popup.html"
	},
	"content_scripts": [
		{
			"js": ["design-manager.js"],
			"run_at": "document_idle",
			"document_idle": "document_start",
			"matches": [
				"https://local.hubspot.com/*",
				"https://local.hubspotqa.com/*",
				"https://app.hubspot.com/*",
				"https://app.hubspotqa.com/*",
				"https://login.hubspot.com/*"
			]
		}
	],
	"devtools_page": "devtools.html",
	"commands": {
		"bust-cache": {
			"suggested_key": {
				"default": "Ctrl+Shift+1",
				"mac": "Ctrl+Shift+1"
			},
			"description": "Run Cache Buster"
		},
		"hs-debug": {
			"suggested_key": {
				"default": "Ctrl+Shift+2",
				"mac": "Ctrl+Shift+2"
			},
			"description": "toggle ?hsDebug=True in the URL"
		}
	}
}
