{
	"manifest_version": 3,
	"name": "HubSpot-Developer-Extension",
	"version": "2.0.1",
	"description": "HubSpot-Developer-Extension",
	"action": {
		"default_popup": "popup.html",
		"default_icon": {
			"16": "icon-16.png",
			"48": "icon-48.png",
			"128": "icon-128.png"
		}
	},
	"permissions": ["storage", "tabs"],
	"host_permissions": [
		"*://local.hubspot.com/*",
		"*://local.hubspotqa.com/*",
		"*://app.hubspot.com/*",
		"*://app.hubspotqa.com/*",
		"*://login.hubspot.com/*"
	],
	"content_scripts": [
		{
			"matches": [
				"*://local.hubspot.com/*",
				"*://local.hubspotqa.com/*",
				"*://app.hubspot.com/*",
				"*://app.hubspotqa.com/*",
				"*://login.hubspot.com/*"
			],
			"js": ["design-manager.js"],
			"run_at": "document_idle"
		}
	],
	"web_accessible_resources": [
		{
			"resources": ["content.json"],
			"matches": ["<all_urls>"]
		}
	],
	"commands": {
		"bust-cache": {
			"suggested_key": {
				"default": "Alt+Shift+1",
				"mac": "Alt+Shift+1"
			},
			"description": "Run Cache Buster"
		},
		"hs-debug": {
			"suggested_key": {
				"default": "Alt+Shift+2",
				"mac": "Alt+Shift+2"
			},
			"description": "Toggle ?hsDebug=True in the URL"
		}
	}
}
